{
  "validated": 36,
  "errors": 38,
  "skipped": 218,
  "est_input_tokens": 91477,
  "est_output_tokens": 2315,
  "est_manual_hours": 35.53333333333333,
  "elapsed_seconds": 135.7567331790924
}